{
    "Notif": {
        "channel": "https://i.ibb.co/KbfDFN1/1657636839741.jpg",
        "creator": "line://nv/profilePopup/mid=uadef1340887c690dfad8b5307adcecf1",
        "poppup": "line://nv/profilePopup/mid=uadef1340887c690dfad8b5307adcecf1",
        "tempnotif": "🔰TEAM-TERMUX🔰"
    },
    "Sider": {
        "bgsider": "#000000",
        "garisider": "#00FFFF",
        "iconsider": "https://i.ibb.co/KbfDFN1/1657636839741.jpg",
        "imagesider": "https://i.pinimg.com/originals/b8/8e/59/b88e5919775afd0de88efa8ebcaf1250.png",
        "labelsider": "🔰TEAM-TERMUX🔰",
        "textsider": "#00FFFF"
    },
    "call": {
        "garis": "#808080",
        "image": "https://i.ibb.co/KbfDFN1/1657636839741.jpg",
        "labeltext": "🔰TEAM-TERMUX🔰",
        "warnalabel": "#000000",
        "warnatext": "#FFFFFF"
    },
    "footer": {
        "image": "https://i.ibb.co/KbfDFN1/1657636839741.jpg",
        "poppup": "line://nv/profilePopup/mid=uadef1340887c690dfad8b5307adcecf1",
        "text": "🔰TEAM-TERMUX🔰"
    },
    "menu": {
        "Bg": "#000000",
        "Garis": "#00FF00",
        "Warnatext": "#00FFFF",
        "icon": "https://i.ibb.co/KbfDFN1/1657636839741.jpg",
        "image": "https://i.ibb.co/KbfDFN1/1657636839741.jpg?type=webp",
        "labeltext": "🔰TEAM-TERMUX🔰",
        "anim": "https://i.ibb.co/TKYxT5N/ezgif-com-gif-maker-16.png",
        "anim2": "https://i.ibb.co/TKYxT5N/ezgif-com-gif-maker-16.png",
        "anim3": "https://i.ibb.co/TKYxT5N/ezgif-com-gif-maker-16.png",
        "anim4": "https://i.ibb.co/TKYxT5N/ezgif-com-gif-maker-16.png",
        "anim5": "https://i.ibb.co/TKYxT5N/ezgif-com-gif-maker-16.png",
        "warnalabel": "#000000",
        "warnatextlabel": "#00FFFF",
        "warnatextnikname": "#00FF00"
    }
}
