{
    "Leave": true,
    "Welcome": true,
    "access_key": "uadef1340887c690dfad8b5307adcecf1",
    "access_token": "uadef1340887c690dfad8b5307adcecf1",
    "addContact": {
        "name": "",
        "status": false
    },
    "addImage": {
        "name": "",
        "status": false
    },
    "addPesan": "",
    "addSticker": {
        "name": "",
        "status": false
    },
    "addStickers": {
        "name": "",
        "status": false
    },
    "admin": [
        "uadef1340887c690dfad8b5307adcecf1"
    ],
    "ani_guess": [
        "uadef1340887c690dfad8b5307adcecf1"
    ],
    "apiKey": "8e3cf182-807a-4186-9261-a6c8741a9237",
    "autoAdd": false,
    "autoJoin": false,
    "autoJoinTicket": false,
    "autoLeave": false,
    "autoLike": false,
    "autoRead": false,
    "autoRead1": false,
    "autoReply": false,
    "autoRestart": false,
    "autoblock": true,
    "botMute": [],
    "botOff": [],
    "changeCover": false,
    "changeGroupPicture": [],
    "changePicture": false,
    "changeProfileCover": "tmp/cover.bin",
    "changeProfileVideo": {
        "picture": "tmp/pict.bin",
        "stage": 2,
        "status": false,
        "video": "/tmp/linepy-1587113138-7.bin"
    },
    "changeVideo": false,
    "chatbot": {
        "": false
    },
    "checkContact": false,
    "checkPost": false,
    "checkSticker": false,
    "commentPost": "╔══════════════\n║🔰TEAM-TERMUX🔰\n╠══════════════\n║-=OPEN ORDER=-\n║🔰sewa akun helper\n║🔰login sb tempe\n║🔰login sb+ajs\n║🔰protect smule\n║🔰protect room\n║🔰protect event\n║🔰login js.bypass\n║kusus janda gratis😁😃\n╚═════════════════",
    "content": {
        "sam": [
            "uadef1340887c690dfad8b5307adcecf1",
            "uadef1340887c690dfad8b5307adcecf1",
            "uadef1340887c690dfad8b5307adcecf1"
        ],
        "status": true
    },
    "detectMention": false,
    "fancy": {
        "foto1": [],
        "foto2": [],
        "foto3": [],
        "status": false
    },
    "getReader": {
        "uadef1340887c690dfad8b5307adcecf1": [
            "u3943056115ab1579886afcbe734b393a",
            "ufcccbf543ccfa773e54234abb4fb2215",
            "u9ca249b334b0eb923e94e185758d30cc",
            "u6cac640f191924a547bc990fc48e9b15",
            "u59d0889656b84368bc9a41c25560041f",
            "u3df7a5cf4be1a6cb9ec28d277d841665",
            "uc1a2d70bf0056a086d2b0e39122f35c5",
            "ucfd481b865f10b6cecd839c560d7571d",
            "u09a7e4b7c9b160e5382a391805b20957",
            "u8b033204d5c24fe951ba0f76dcfc5592",
            "ua17ccd06d006aa630a9ddd6e25823302",
            "u4137a92d4c0a04f8b4d6332feaf9b743",
            "u2c2e04ecfacac3a22ef8bc200207eb70",
            "uad0db6ebbc666edc103758a852e55f89",
            "u716d7fa8bc5a03cfb5b054e53214c6ff",
            "u4fee5650e4374b327a87134fd5ff9d9b",
            "u3361b537e2531099799e6552c8366c5b",
            "ue4c3e31c50df70668dfd23204ee90f36",
            "u5f60c9d0551394468c744d0ec8b361bc",
            "u4e008341e21beb4d8c492dff051161e2",
            "u483a897721b06ee716ca2d62c5875606",
            "ueb8a28e85906b1b2af4dd05f1266a2e1",
            "u85796c708d554e986c01575aba1435aa",
            "u854dcc9790b85d8eec36b5ddab437c2c",
            "uf39f576b91a1b07f6ff1b7ba9394d0b0",
            "u86292c46d2274fd62b8e3822984fa3d9",
            "u5ca5988f07f39237a0ab21a6639f3482",
            "ue4e787bbed7b31534c41b8caca1eade2",
            "u1075639ad19fce50a19fd4102fea448b",
            "ub04de2c5333637d61300a1b7b601e157",
            "uff9aee3f832681982316a415be31fb1f",
            "u36e02565fd884bb414a3c66212b9613c",
            "uae1343fa6e48bae637ae93bf591ad7bf",
            "u8435bcb42f9d8d080b6897ef616fd96b",
            "u37c479bca6752db510e0e0cc5f328a9f",
            "ub0adf1dcfa3be45cc3db3a5421eef760",
            "u7b57fc5656c3bb56ce32d2a902963fed",
            "u6e1e159c037c2f4e3e6f0cbeb663571a",
            "u6a22d22aa2ca49452a372f03f4e8e9d7",
            "ud2f3cd1ffb7fc8ef06871f6eae383c4d",
            "u3b4780cf298ce04fe48e3418fc526da9",
            "uae3314d1d8c8d2f820717294922b66f5",
            "u63bc42f95cc29434432f1b9335efd2c9",
            "u46fec599fa20257952ae5967e087bdf3",
            "uf9e398f16bd2cc32273ce62556dacff3",
            "u1ccad942471e419fc4f1b58fc7f71c48",
            "u1af143f22608d00c596c014ef0d92e2d",
            "ue2a4dcd68476d767a6436ad4fd05f0bb",
            "uebeca2a168c3cecd84b3335f7054ec9f",
            "u0bbc3d3fa27033093e1775c788362e5c",
            "u92d78b6acc45069bfddc7c8eeda81a0d",
            "uc94a8f7840423c86e44b63d35533b9e8",
            "ufc8f6f2bf7b9591f239abac243b714eb",
            "uc9c2b3aa1ce1765b00def043d97b121a",
            "u660d99a501280312ea79d6239fd1a5bc",
            "u2b41f35897ebbad84df7be4124896393",
            "ue30f597601dbead84804c31fa8f10175",
            "ud6a7416bf4b9cd47ee9138136cdcbb6d",
            "u44cdf546916d889904a895554fa11b63",
            "u7fd533166a57fb5783d2aa960e3040c3",
            "uffc1b27d9000150cfcc16649ba2e4719",
            "u1cfa8ebdb39bb83d4934f09f573bad52",
            "u1c45873f3cf39ebe81e473fb6acbdc84",
            "u55879b3889cc3a8b0d1224dd9e224ff3",
            "u2eab3c86e5fb8984012d93f2ea3d1b5e",
            "ucb6b561a9670575a272eabdd3b4119dd",
            "u0072fe01f985340cae6263556df16105",
            "u0804266835bda9221d4fef1559beab93",
            "u259de2dabd849bc3160f0ae8925fd771",
            "u4a1d11e54579beaef4a87d1d3d02c7dc",
            "ubcda848c322ff5505e1d8626e6905b0f",
            "ub07af6fedb231a4ef39b20ad34a6caa2",
            "uc87bdd1144b7f126b2217adb8337f28f",
            "u73460a03fdaa0cff25814bcf9d773a45",
            "uda0f821fd7fb12919b6467cd05d651ad",
            "u75ead0b0679b332609645730814248e1",
            "u967082bc5c1a0c0ddc35f3d3ad2dfd1d",
            "u172c0fa46926fa03975972a0ad4a1ba4",
            "uacadd93fad3debfbf7fa925f47a3e4ba",
            "ufd42d7d505b4bef31e4623cb6c129249",
            "u4ce66012f11403555fe4638f380b5933",
            "ud1125564edf366e02cd031f504e1f729",
            "u54425edf4f2420387929e0d39512b1f0",
            "ufae7da291fa4f5c6a267bfc981c68566",
            "u19f80adb0fdd7eb3360b3b567195409f"
        ],
        "uadef1340887c690dfad8b5307adcecf1": [
            "u3943056115ab1579886afcbe734b393a",
            "u95fa9a4eab2a4b7e6c61492b3abfde19",
            "u85df50659346a28caa82d62f5c0294a6",
            "u60b085ff012340ca44a058d053b753cd",
            "ua31c1b5babee26853ae471914887f5fb",
            "ufa290ee2e753260a334032557e6d6f37",
            "u7ef465f72d425e96ed9393917d861f46",
            "u934c45399967e4fa286623d0fff4df56",
            "u5f8a4af4735ab12ed02b2a5f4c0ee06e",
            "u59d0889656b84368bc9a41c25560041f",
            "u9ec42c86baece842fffb27168e10216b",
            "u0b5e631dbdf2f240b0c7682f2a86310c",
            "u82216f53f690bf4ba35bad64a71fac7d",
            "u9499fd67b972c05419a12297ca1afbda",
            "u37eecdb2517fe874bf6da769a212d63f",
            "ue4adc6256d54c790d3813771d0a6d62e",
            "u234b916399b93e02b84a0af4eae6a80f",
            "uea6df4e0518df9a7fa0eb28d0f0b6a0c",
            "ua2ce42a89c4bc903a7fd1f6fb1ef7beb",
            "ud584205bc91f6dda1e45bb6f974d63ba",
            "u5d34b1d173e0ff26e89c9c6d3cc914ac",
            "u4b4b1208e3624e74d52bcdf918f4d2f4",
            "u4b242f19cd56c574d79106d50584b997",
            "u972d20dde0faafa8b254ae6b4ca2773d",
            "uc63405fe843505995703da32efe424ec",
            "u0cc2eacc941ca50f1b10ac39f50140c5",
            "u318cddb48461787fd10322a2478edeed",
            "ubb78748c72f8c055adb0428443e89f5d",
            "ud774817bf4547e4eb7ac891aa689ec37"
        ],
        "uadef1340887c690dfad8b5307adcecf1": [
            "u46dba14744f7175de6cfc1cfe3f0826a",
            "ued97e798e97254969731b22110b661f6",
            "u99ad7ec25d6ac190328b24d7da9eb7ab"
        ],
        "c35cf2eb71420343313db3b07943ab548": [
            "u3943056115ab1579886afcbe734b393a"
        ],
        "c36eed38b8bb6603a50c499f0fa4069b5": [
            "u4eb6401adcf563500264e0bad305abb8",
            "ube754d7b81133e7479d8e1619e968b7f",
            "ud93d83062276e06683f02f7af3fdde69",
            "u09a7e4b7c9b160e5382a391805b20957",
            "ufc56010d28462a58a32619131d15e6c8",
            "u2fc4a471378b62db51828c2abdefbcc2",
            "ueb8a28e85906b1b2af4dd05f1266a2e1",
            "uc670f68630bfa8d5d522e28bb415bb53",
            "u819a50d9b938ec92ff11d8c643812cc6",
            "u4cc79408eb19bdc338675d6f267f9225",
            "ua66148c40539a2a60f67a526cf45fc75",
            "u688f1c2f86bf8fe76f5befadc77c630a"
        ],
        "c41536cf53c2a7cfaca9ec95dcdeffda5": [
            "ued97e798e97254969731b22110b661f6",
            "u257dda0db272405d9263357c697524a6",
            "u5abbc5ead663a5b74e7d9725e42f9471",
            "ub48a95201317320f0f283699dd784e4d",
            "u231d54551f8a4c91a780c7baf7c5292e",
            "u12a736287ec8cbeeba92162fb0f7f588",
            "uea6e1bc7d5b7656c885b242dc79d4303",
            "ud54da50b7f09db57a46d132a92cc1892",
            "u922f7bdd733af617c201259a661628f8",
            "u5abf1f143bb4ec240c5cfcf3d08343f8",
            "ud78d226ec62a1807c1e93fd053f8bcf4",
            "u9f1d9f0d31625d7bcb9e0c8bd08c809b",
            "u250ff0a25bbcf33d0b2062c41c6da45e",
            "u8edec682a5737c37f45e55a8d1664f0d",
            "ue0456513db68b544037e0365a648dc22",
            "u269ee40f948b388aca498c2da1c98889",
            "u6da074a45428b011acc766d94eadcb96",
            "u072159f2ef7edf5ba2c4386b9263b2a5",
            "u83c8ea0946b6378593a5e005792bba96",
            "u6dbb48de40912fd91cecc73198083d1c",
            "u6ac2145b9fc65045e6225a4e432b8fb4",
            "ub77942765509307a9e7c7841ec722382",
            "ub848fb58ce342c4a2f09300ef416bf73",
            "u12ee4374f00a97f456d030da8b834082",
            "u81771844ffc640e9292e00dd3df1c6cd",
            "u963b3f221893a564cb294ac4b846a47b",
            "u2031cc74e48ff1745267f6de121ac9ad",
            "ud4d3e94eff9047851bb76007bb630f29",
            "u8b276e4205fe912ada4a993527e720bd",
            "udf36b04eae2baa317703ee20a22cc5e3",
            "u0d8006fec4a9f6501bcf201fdd3ab60f",
            "ueb5f17aab7d5fde43b8c8e6d235e39cb",
            "u7a90db13133584fcfb4f7e111ebecbf6",
            "u73460a03fdaa0cff25814bcf9d773a45",
            "u0e57496791005d95e9a228913533b49a",
            "ub3b081b994a788f54ac0e3d27855d539",
            "u90b764730f991ae2e690020fe27ac95b",
            "u9ff1424e8faef07a2df9317c86a727cc"
        ],
        "c46ba021c681c80eef15e931cb9b0305d": [
            "ua17ccd06d006aa630a9ddd6e25823302",
            "u3df7a5cf4be1a6cb9ec28d277d841665",
            "u6001977c78ec11ecc711e12085c15c5e",
            "u489700fcda63230867b8b966960993f2",
            "u2463dab7ea59270d8864b34f2a2c7b68",
            "ucf1c58fc718fd1456410582ce846e2b3",
            "u382035c1c97fcbb11367cabbbdacf7e1",
            "u5b36dfcb29436f93df39c48f1c964d22",
            "ube754d7b81133e7479d8e1619e968b7f",
            "u332881d7bf532441c1d2647aadf16503",
            "u8990577bc5be964917e4dc0aa3cbdba0",
            "u065579c008d2e3e490f43c352db5c479",
            "u56f65ec1d9ca28e3f4bd327adc55dfa3",
            "u546acb71b1b91915e3ef171566ed5ba9",
            "u7d2d3afc5d783481f65404ade6c4131c",
            "u2eee43b7d6a98430067916fcc16c26b1",
            "u97044d1f6ba3fea28f830211c0de488a",
            "uc05dee72560c9eb523fc132495671a3e",
            "u2f0fc279b8087d2942cafc0350873ee6",
            "uddfb4a4ab3a00c505e70ca2356e61498",
            "ud48e4ab300a5b7f40c3fc2b85a93297b",
            "ud2f3cd1ffb7fc8ef06871f6eae383c4d",
            "u36e02565fd884bb414a3c66212b9613c",
            "u2fea0c5611b8c53777adeb5518b3936b",
            "uf41f3383f7f8b95d0f26d7716abe6067",
            "u055e0becf1299d00d727cf969f66e7a1",
            "uda0f821fd7fb12919b6467cd05d651ad",
            "ueb8a28e85906b1b2af4dd05f1266a2e1",
            "u76e940932e708eeae77b7dfb9d36532c",
            "u4cc79408eb19bdc338675d6f267f9225",
            "u5799e07ebdcfa337d24064d09c720bb9",
            "uf1bec4f259aab534ff28a4fcbb64e61e",
            "ucb6b561a9670575a272eabdd3b4119dd",
            "u7b2886c245959eb186af61f6988c8624",
            "u1af143f22608d00c596c014ef0d92e2d",
            "u01e9b582abb3191aebe7f04028602df0",
            "u7c265be704f5102faced84cf99c15b30",
            "u1c45873f3cf39ebe81e473fb6acbdc84",
            "u190555c869815d0714cc9b83aca37d7a",
            "u12b8a1f641970cd2cedaa220f986b1c6",
            "uff9aee3f832681982316a415be31fb1f",
            "ua94aa7d2a15bf867d1d01406c39e506e",
            "u2fc4a471378b62db51828c2abdefbcc2",
            "uc6aaf1fa8271e00cad65721483d3aac6",
            "ua66148c40539a2a60f67a526cf45fc75",
            "u7700a865d8b987c15582f3e7fa3e69b4",
            "uf1fa2422676bd14969fecc5d8bb307b4",
            "uf6f9642da3f5eb72685f0807be35a971",
            "ud85111c28e66cba562dfe763256358a9",
            "uf3d7ce88cae66d11ca949189aa6d1a2a",
            "uccab745ef0c9eefc4bba66139cc12d4c",
            "uafd8674cd6e2c6600ba619f6b8dbd07f",
            "u37c479bca6752db510e0e0cc5f328a9f",
            "ue134870eccc5ce3d01dc3af69bad485e",
            "u6f8abae6e915b5c7020811f905c95619",
            "u16005a01b143fdc5edbf2fc96bb876a9",
            "ufae7da291fa4f5c6a267bfc981c68566",
            "u89abff5f077762445f0ad7512dfd3e70",
            "u031462ec11fec23c0b0e17991b9c8635"
        ],
        "c490217086816a2f244efc346804fb540": [
            "u3943056115ab1579886afcbe734b393a",
            "u3df7a5cf4be1a6cb9ec28d277d841665",
            "u71e3cfa29f7f32b4a35b7d6c7b5f0c2f",
            "u8b033204d5c24fe951ba0f76dcfc5592",
            "u58e3f2b2f8819b2d1ec7ee9858548ae4",
            "u0388874bca54797ffa615211e5b2e1f2",
            "u09a7e4b7c9b160e5382a391805b20957",
            "ub0adf1dcfa3be45cc3db3a5421eef760",
            "u9902c0a2c22b4c30a66d50c5588602ba",
            "ucb6b561a9670575a272eabdd3b4119dd",
            "uf1e081516dee9f6a6b985d3d48fd710f",
            "u223402da5bde7f443fcd379fda56bae8",
            "u02e60459f07303274ecae06ca09d95ad",
            "u986a9987b60ff3f094e757b00c572d4b",
            "ud2f8d0723fbd3a97fc45c27c1196b9e7",
            "ub9177c69a5fc2e878b35a2761a1eca1d"
        ],
        "c60ddaafb8febd91d7d549a45fbfc2ee7": [
            "u2730358d1b5021cda047a0ae49204116",
            "u2084d89521b5078c92beaf54e0d2149a",
            "u649be22dce6d79f14c5114c6a5bce325",
            "u6f289edd6c0f2fcc25b69ec94cd1e390",
            "u469df9daae223a86dda654fe8447716b",
            "u1a0f374dcbfaf5c22c873370384cb925",
            "ue4e84409e463b7d93764d591099c2dea",
            "u23aeac8caecd4ae2e6351595fb41cee1",
            "u79d70afa27be9eedac609ef48b450f89",
            "u54bfd94d70717354da5ff70a0c55cfea",
            "u7acf26eb4175429def80b79e322c00a3",
            "u709747c99ed35eaa04e9ed438459de88",
            "u5fd433b83fb249c7a5f26172ec0f8473",
            "u91d9be5502ad35c6ca0eb286a097bc4a",
            "u6f687db18c790dd3d3d18d7482dc0fa5",
            "uebeca2a168c3cecd84b3335f7054ec9f",
            "ua272185317e54209eb35c36a5d256dd3",
            "u21e0b502b183c66af23f5aaecb0e09e0",
            "uc3e8fe23f17bc45cb2d9d77687c589bf",
            "u0e904137e4852700f5240796976b42d6",
            "uffc1b27d9000150cfcc16649ba2e4719",
            "u9be56da97d657dab4a32361cfef99d5d",
            "u55e6348c3e69410cfc0bc70c7628d05e",
            "ue8c1c9b616ec18eb741bcbea43028d7e",
            "ua8e619d96bb3d0ad02100393205926d8",
            "u86b1b27dd6bdfd47b7b723e048d3b5c4",
            "u6f56777502ce3f3c6182cb245c376b9c",
            "u372c12b4750dfa9991cf453331ae88e9",
            "u97b6ec76801f4d7a48f1d04fadab66dd",
            "u63c91b1f62794e43d390db0f88bfe140",
            "uaa018651a53dc99d16220d1bcb9f153f",
            "uef8fa52c66ae89846e65da590b8b94f7",
            "u1b1ebc02dafdf9b655200fcaa86ec105",
            "u84bc698c4f184cc52981a1cfa7d17ef9",
            "u849cbd57b1db765e6c086f1301422de7",
            "u0072fe01f985340cae6263556df16105",
            "ub3eb755c89caa3ea2aaca4cff12690d8"
        ],
        "c6320c7cd25bfe6aed90fcb6bbd4958b8": [
            "u3943056115ab1579886afcbe734b393a",
            "u2fea0c5611b8c53777adeb5518b3936b",
            "ufd8baed6d38adda2707e3c64e459b08d",
            "ude7e5b47610f68fd0e1c0efaef93a084",
            "u7acf26eb4175429def80b79e322c00a3",
            "u8b033204d5c24fe951ba0f76dcfc5592",
            "u3df7a5cf4be1a6cb9ec28d277d841665",
            "u79d70afa27be9eedac609ef48b450f89",
            "uebeca2a168c3cecd84b3335f7054ec9f",
            "u0072fe01f985340cae6263556df16105",
            "u6ece2a519b438a6922c0bf85ebab990f",
            "ua272185317e54209eb35c36a5d256dd3",
            "u88c4de9f43b1e289c228621670b3b4e1",
            "u850d82be5128ad4e9f7332695176de37",
            "u55e6348c3e69410cfc0bc70c7628d05e",
            "u711b267a4de03c355c99f7f72ac5912d",
            "u66f470a0b6fc15a23cc82bda794dfe23",
            "ue4e84409e463b7d93764d591099c2dea",
            "u73a88baee496b168498897cd0e167dbb",
            "uc3e8fe23f17bc45cb2d9d77687c589bf",
            "ufaec004d809d9cab36b3c7a35fdb5bbf",
            "u3291aea7129712f2d43c6461f9fcf005"
        ],
        "c6ec20b45fcefb26521cf29622e3e5841": [
            "u3943056115ab1579886afcbe734b393a",
            "u828dd88449c0321771d099533d42056e",
            "u29d446d1156cffe49c3962e6ffd7dc96",
            "u08e2c017aed0f9c2e17e549cf937c0fc",
            "u29165ebc0511bb48cafce65cced7ef1f"
        ],
        "c79567662e109581565bede4f40d70d54": [
            "uf5eb6a9d9c46bf96b37bec62a8f58a22",
            "ua5983808e232f8e88f417ee85c8a3805",
            "u5877f72fc462fdd15c12bdb5db294809",
            "u4edd39cb747099ef87374e033f127c09",
            "uad3a2d2b74a9728c4dcc42d28091affa",
            "u00810acf13ac6a597f270923a33f356f",
            "u8b033204d5c24fe951ba0f76dcfc5592",
            "u6030836e24c382ad51e75cc9dc63445f",
            "u437b3b34a78a62c1a90b925351957c69",
            "uc855b68bd510df3056534000f88d9ba1",
            "ued9c57496c68ab80a6e40ca1b85bf338",
            "ua17ccd06d006aa630a9ddd6e25823302",
            "u08386e39493131c1bdc2c157bf37b068",
            "ub31c887565ce040ee60e7b10ae527e33",
            "u0afb8f83666ea1fd47358fe1b582581f",
            "ud0233e576cabadc208073e4bf4ffe007",
            "ue8bfedb345f9584aa52bb4e0088c740e",
            "ub59644eea01365b4e8dd453824a507dd",
            "ubc1dea503722419b6c37c6e89c0880d6",
            "ue8d417b23a1d22f31be4bcf73c1f2d76",
            "u002af2542efa1b45ed0f9071848d7aa5",
            "u1ab5a477ab95c5c30c20a31f323730e6",
            "u3285f8373d603be58afc872c273480cc",
            "ue0ba1ba7bd0b525780f462ba0508f4a5",
            "u0f30d4b16bbe9cf6bd384c775928070b",
            "uf18e4782ba9fb6ff3b600189be3cd5d7",
            "u272ad766ffe3fe47d425cae98f811f25",
            "u8299fe866e07c5c23a8d6376589bd32f",
            "u25f40491b7a94b73be102ef27d8dcf94",
            "u318ce45094c56e29374467bf2ad835a1",
            "u084347d923176485f2a1fed20ba06525",
            "u0b41ce6b8d656a6bd1d39a725e2cc1af",
            "u8a2563eae15db215eff075e2721c2658",
            "u2195653d27d911f9e6b8d4b9c33d31ac",
            "udb4a24c6b4b1768120f1e233b86d27f7",
            "u38fcd22449ee3193787665a474eb6830",
            "u109425945e95a16cd640239824e5bd21",
            "u85bc4106881251e8fecf3f03375e4455",
            "u5f5165f98ce8d1c0dcd601d5235e129f",
            "u6660e795567d538472d4e88662afc282",
            "u7e3afc7dd6ca903618a650a1552fed29",
            "u8bee2a0207016ad9886b1d7124a35ef4",
            "u5e5815bfded60f56566cd7d336a11319",
            "ub0251742c2f6bf77fdfb1a721ab9d547",
            "u295611295d5f913c0485eb2ff3c09649",
            "u8ec55d37e2c4122a0ab09469da1ecd6d",
            "u418e9d68b6bd0e45726d50b6c1ef9093",
            "ubfbfcaf227853af3cae4945bb41b6c1d",
            "u5deafb7e3775292643da6a921d3989e9",
            "u34108eaccfd60a699f76015260182a64",
            "u3a06d04f496c8882410ecccaef3dce6c",
            "ucc1ac282971713676c8463f9ff76b828",
            "u219f7bf149601f88616404a4cc5053d6",
            "u0827c8a08c93e19900d0c07563450395",
            "ub7aff4fed1bcdfd5ddf8c13639be0337",
            "ucc5095d375aa6ef5a7ce7c3699deb029",
            "u96ebbd8729c8e2f6338927496a5a853b",
            "u56e52d06c60285f9a4d16f176f56b1b0",
            "u3b537c398658cf76b78cddc71a57ac76",
            "ue11e03f602f9cbc5e3ae596670a6c04e",
            "ucc77da837089bdb11afd268b1dd5d293",
            "u0f45b5522cca3b245c469219c542a59b",
            "uea7223444fb68bdbaadd8f21f3bf216d",
            "u19723df7a5c88267418925b35d5b060d",
            "u10f0cf74ac18f4f59a2258e7a2bbfd95",
            "u122730109e45dcf4c453cd59a7a2d654",
            "ua7522a08d9265cac8f391997a33a9517",
            "ufb3ae66c2d9dc21e7f27641c284c8c80",
            "u9639691438b1ddc6d23d09a9f2f05e5f",
            "uc38df0c187250c99bf1daaf43628cc51",
            "ua954290b732b49b9ed87eab720848458",
            "uf5730d5b18e5be8d1ebeb3811a05139d",
            "u5a3b6e2213f1e2fd458a3809f2f676f1",
            "ucb50690d52cab2bc18874b049e9dfb2e",
            "ube28489154d797f1dae7c4170326d893",
            "u0f846b995899019d3c1bbe39f4fd2ff2",
            "u09a7e4b7c9b160e5382a391805b20957",
            "u6bb4091844a3d77425a9d59a84818cd7",
            "u834bf6d2c70844a7287f808d65276421",
            "u854b77f0da415f31b24a1fc13dd162bb",
            "uc719cb7df3d392a15d2be13db578b7d9",
            "u2e44c6d0bccff4773b61a224c6ca8c6e",
            "u509ce62cc7fb53c80db314bf8db5f442",
            "ue0b36cd0e2576ae8c434d80304f23b15",
            "u3df7a5cf4be1a6cb9ec28d277d841665",
            "u2aed686dc97839fc4722ed33f5dd52b0",
            "ue0291d8f8f212d95fc201e69695cfba1",
            "u58e3f2b2f8819b2d1ec7ee9858548ae4",
            "uc46302ed778a4758c74ce2762de4ae00",
            "udefccd6dd1964035a57bb937b8ccd15d",
            "ue1d0d7de86cc2415331f0d38f2e2e07b",
            "ua1cca302c5a92f1209740ff60bece96d",
            "uf29507e64220eef8876d42d88c46f793",
            "u5878d9367d01a7bf3aecdcdca18b39e6",
            "uc310ec9b387df2d6df1245e22469f33c",
            "uc40378b49f6c59a83b7a11f629c15d48",
            "ucf2b3ef878935d7a4ac54b37bead22b0",
            "u58f9f4d90d1151db4d6302f9e237a959",
            "u8529db54ddbabc62b4456208a7901580",
            "uda408feb2439e2b94d91d4e544e10e65",
            "u39d84d83c5c932fb4b7ff801acd532b1",
            "u03decfb4161f9fa2d0db74dadd09658e",
            "uf9640ff14d1afd1a985d1fb40524d917",
            "u387ce16654367359467ec533fec0e03e",
            "u7939f48919af1d22181c7dc450bd64a6",
            "u6a786017ebb34758967f37dc3d413077",
            "uced16fa21da8e67c73069370e79a38f8",
            "u7838b51671482216bc98e0f7dc35e69e",
            "uac50c045956611de3507b382a55cc37b",
            "u0f940875ec8128978174163c60ed9a7b",
            "u9a5594867e61dadd568db729879c869a",
            "u6388faf2652269a10a713c3c1fa56c81",
            "ufda91f3cacd2d8012bde97f2ff5bd8fb",
            "u626646631dbe6d4390bd035e03df781a",
            "ud299e9a1317bbd775cf1de70672eb6e8",
            "u63e2aac8faa68592fc82be96352ed738",
            "u9c199af72d66fe8e51876dfba8f9855f",
            "u1316de2267c10589bff84c78093968dc",
            "u123b6376c6e1173c008703b32ddf2724",
            "u49845a8d535bd6aaaaac137e08c78f0b",
            "u86d7cc15b4df34ee2a7f819a3883d970",
            "ue3f528f5efb5a5a19ab79860e341cab8",
            "u208c7579831573174c6f233ad2c93892",
            "uf34cca9b46f8507a6dc685a06db0455f",
            "u0e2bd24eed57c6844ecf1ff84e936e51",
            "u63e4476789128d2d07594b84b292972d",
            "uf9ac6c8a860cf7907ec96280ba36edc2",
            "u031cf49ec7be8411274279cdf1943f4d",
            "ucafd94b7bf6f68f111fc89636ed896c5",
            "ubb1247026945b2f540c39eb43147805b",
            "u3b445ee156430f301d3c950ba02e40ee",
            "u3f5cc6f7e29e600c7e3600751353648a",
            "u3620b125e760e92436b6217bf6c9c3dc",
            "uad21e64415ea3ba52b875eb519cd25f1",
            "u9ca11f7373979cd8d1cf4bc02b53c7ef",
            "ue4c88cf30fbc8d51ad18d8c5b9a97946",
            "u2999d011daaab15bff95349ea739bec1",
            "ud35b81797796aa2426420201f5b2e53f",
            "uf7c808cd7563d59cb72d0c9ab32120b2",
            "u2bf111f782257eda94d774ff66bcb69a",
            "u1c2b8870a9cfa2ef76debc6de69299fc",
            "uff660f50c4a777c55caec2c6dfc10308",
            "u5477ddf7c9fbfd13b31613287a9dafd5",
            "u731589c92841d67e854f38b6766f5c0c",
            "u56d1c7f72cbc53e37091b7ce7066e6c3",
            "u314352c9329efc14453a0fd7adcf572e",
            "ude15610ef8fd083f2a169a82ae71ddb1",
            "uc40162383530be49e9fee23d16bc8704",
            "u46279b5fc5656cba915a0a1d27a9bee2",
            "u789f35de2590c6e8cad9e1a2036d7aa7",
            "ua4a74de9db7be5c22b945edccf6f3c38",
            "u5477874f7e9c9df67f2426f8b29c2fb7",
            "ubc9ce9e295181baed18b2673cc8e6e0c",
            "u7fe3ebdea957d8ba5b18630cae95ebee"
        ],
        "c8183797bece2f49a50e3d473bbfd87fa": [],
        "c8257845062c9d22ac78fa1901324d72f": [
            "u89abff5f077762445f0ad7512dfd3e70",
            "ub09b541315e0873b09829d20178a88e9",
            "uc67774567b4ff00e76aed82042714a52",
            "uc9548915c9d590ce6e2eb4073ae67545",
            "uc260479a4b8ee3f4ef735053c9c81f80",
            "u79d70afa27be9eedac609ef48b450f89",
            "u47eb06268ee3399291ae419de1a04896",
            "ufaec004d809d9cab36b3c7a35fdb5bbf",
            "u52445d42ba44e9bdd00b3ba2148f3417",
            "ub726957a3720aaa18b2c126724b609aa",
            "u0072fe01f985340cae6263556df16105",
            "u8898f6ad103657849892485f9b69a0e9",
            "u60aa796595f21875ba0f256b625e914d",
            "ua272185317e54209eb35c36a5d256dd3",
            "uc45734a61084dd20ebb5b25c9cff09ed",
            "u2d36008618a792eb6c80b59bc3b990c5"
        ],
        "c8a2b57daee19a0768c64fa0aeb066b41": [
            "u7ece9d0e307426ecf57edca1ce05edcf",
            "ubbfb895b6883e54219d8f3badf54cc50",
            "u4cc79408eb19bdc338675d6f267f9225",
            "ua66148c40539a2a60f67a526cf45fc75",
            "u1b441301cf9a6a40aa4b816d9e84b247",
            "u09a7e4b7c9b160e5382a391805b20957",
            "u3ed7377efba6cf214473b3d536e1953f"
        ],
        "c9cf946d2447ba50e69264b546f857373": [
            "u89abff5f077762445f0ad7512dfd3e70",
            "u36e02565fd884bb414a3c66212b9613c",
            "u8b033204d5c24fe951ba0f76dcfc5592",
            "u1c45873f3cf39ebe81e473fb6acbdc84",
            "ue6555b45c7c28b4435fc727423f8fc31",
            "ue4e787bbed7b31534c41b8caca1eade2",
            "u4b99a22000c7d5573304fcb8644b81aa",
            "u3361b537e2531099799e6552c8366c5b",
            "u483a897721b06ee716ca2d62c5875606",
            "u4c208fefebbdd690f2ad10e618339f9d",
            "u4fee5650e4374b327a87134fd5ff9d9b",
            "u660d99a501280312ea79d6239fd1a5bc",
            "ud2f3cd1ffb7fc8ef06871f6eae383c4d",
            "uae1f9bb78b3e3b0016eb06b92b07e9dd",
            "uab0e6f425767abe7bfd7d0c188b8577e",
            "ude7e5b47610f68fd0e1c0efaef93a084",
            "u854dcc9790b85d8eec36b5ddab437c2c",
            "udc5af311ab86fc849b06afc67963021d",
            "u716d7fa8bc5a03cfb5b054e53214c6ff",
            "uc94a8f7840423c86e44b63d35533b9e8",
            "u63bc42f95cc29434432f1b9335efd2c9",
            "u1ccad942471e419fc4f1b58fc7f71c48",
            "u25f4fc7d32dd5dff26cc3922d82b663d",
            "u1af143f22608d00c596c014ef0d92e2d",
            "ud9f9732d710c6872a936e2ce821affd8",
            "u3b4780cf298ce04fe48e3418fc526da9",
            "ubc3bbabd668c6e140f50475dac222fc5",
            "u23d37af9dfb0efedf4826a012b26292b",
            "uda0f821fd7fb12919b6467cd05d651ad",
            "u0072fe01f985340cae6263556df16105",
            "uba5bbdaec50f9676867811a63742ea6d",
            "u5ca5988f07f39237a0ab21a6639f3482",
            "u5b36dfcb29436f93df39c48f1c964d22",
            "u6a22d22aa2ca49452a372f03f4e8e9d7",
            "u4e008341e21beb4d8c492dff051161e2",
            "u16005a01b143fdc5edbf2fc96bb876a9",
            "u6f9f61f544bf8f9b0c2c1435cc5e77c0",
            "uf51015f63adc5bd55d7931823134f96d",
            "u3df7a5cf4be1a6cb9ec28d277d841665",
            "u5963f67b809fd8b74a71f45280615c3d",
            "u0bbc3d3fa27033093e1775c788362e5c",
            "ud6a7416bf4b9cd47ee9138136cdcbb6d",
            "u234da813f9b277a366f93fc1ed67d210",
            "uf1fa2422676bd14969fecc5d8bb307b4",
            "u1cfa8ebdb39bb83d4934f09f573bad52",
            "u2b8af9ad04a19c673273fb099a6879b7",
            "u8dc962bf4d266e599867087e421c11d8",
            "u5f60c9d0551394468c744d0ec8b361bc",
            "ube0fd2abd3ce5a76e50c442f6af07380",
            "u510ecf4e1f5a66be906c625d5c4626fb",
            "ueae74a0de5ea886b5da7977617615b1d"
        ],
        "cbb35ec3803873c490a85603bca1a8bf9": [
            "u46dba14744f7175de6cfc1cfe3f0826a",
            "u753c9636a62fddd32aff264c4bc2418a",
            "u22543785ef5fc3adb73cfd7eae8280eb",
            "u7272587eaec0c324c883a86a3f3d6b5c",
            "ub6260350e01cc60e5db8d5fd3e281317",
            "u0aa88d3efba4f08ca252dd35b7e573a5",
            "ua434f29e4e6f899ab8673141db1f1e9e",
            "u3004c9742d2f0eeed40719fd5ba23aa4",
            "u05caafbcb2a6346d4a1c3d618823a581"
        ],
        "cc0a1105f1ba44a23e76d6f63d913f755": [
            "u657c804c9c15f8d3b87a7a7fea9c3a39",
            "ubc214aa7b346bad5504d5e91e596b838",
            "u5b87f67c7d72a6ae187714bdf1e69f3b",
            "u46fec599fa20257952ae5967e087bdf3",
            "u89abff5f077762445f0ad7512dfd3e70",
            "ub09b541315e0873b09829d20178a88e9",
            "u234c32b5729a0fdb594a5ca2519c843e",
            "u155a60fb151c103c0946de03d0eb494f",
            "u84e1660ba630aa13beb65c25a1b0c5aa",
            "u7f968a647bb91a2de0b48ad8d77e121d",
            "u61b5dc4b3b051ed973ec6f6eb253a600",
            "u29d446d1156cffe49c3962e6ffd7dc96",
            "uae1cfc27113822ec1ff25d1b629b5f23",
            "u39879f7ffbe4955f1007c6610204a28a",
            "u8f1fb625d2ade08a973a827d149495f5",
            "u0b26a865093618ae149ea0e6bd78f9bf",
            "u21e0b502b183c66af23f5aaecb0e09e0",
            "u5e697291acb4aa98ba82be6041372b90",
            "u66f470a0b6fc15a23cc82bda794dfe23",
            "udb5fc6a583090c07c3d28d8204dfe483",
            "ua30b8d2de41ecf65237720daa340bff1",
            "u73a88baee496b168498897cd0e167dbb",
            "uc3e8fe23f17bc45cb2d9d77687c589bf",
            "u850d82be5128ad4e9f7332695176de37",
            "u60aa796595f21875ba0f256b625e914d",
            "u828dd88449c0321771d099533d42056e",
            "ub0c6232411512cc4461b9d4fe0e50c51",
            "ua0a59987ecec9cf2f1646af50d0ad787",
            "u8cf0b38c624b8d9b3645db8f6024f522",
            "uc83873512a789c2ec8320e34b8decfe1",
            "u3570a888a97d39c8d8deff2ed645ef49",
            "ub30ac4f5079bf89c1986732b52e0bf91",
            "uf935843a76bb7f3a310aef3fba6eaa52",
            "uee9f88165a8d67f2b5cc5f48e5834b1f",
            "u0410f5355a07aba97aa9d6a208e9ca5b",
            "u7acf26eb4175429def80b79e322c00a3",
            "u546fbfc835590923651bb5554e4743e8",
            "ude509f8d50e83d41a9c081c241d8e674",
            "u15fb6cf62fca6923cca648ada7fa3751",
            "u63c91b1f62794e43d390db0f88bfe140",
            "u1fd0c76d1083e075a121e2ba8bcff824",
            "u3472a1fa06e6564ce4c1e850e05181ef",
            "u3e21cc87402b833f21746f830d8ae918",
            "uea708e10662246b65303fba2f7025a1b",
            "uc2ed6a15019c52cd2d0cf8f7690abc2a",
            "uc260479a4b8ee3f4ef735053c9c81f80",
            "u1a477d0d1be40f5a44d9e3dd7bd3ef82",
            "u8c97c5c804bb1d9fa1af27d3b93932fc",
            "u9fe95ce92e47972f2687ec96e45a0e60",
            "uc6232fce776cd91194dffb983c0917aa",
            "ue4482912363673e71fbdaabe4849cc6b",
            "u1734b7ed82fd972816aa98bcae6a053a",
            "u0072fe01f985340cae6263556df16105",
            "ucf5836eac27fc3a736155abd2fe6ddbe",
            "ua06ac03e830a1cee96febf79eada4d97",
            "uab100fbd640510d1b70541660c56c0e0",
            "u6a883d9834e18ea8892306eeefe135ef",
            "u9a0c88a657139bc4d7fc23ad84a05bd4",
            "ue5753e68621d9a8f5204b803bd19f957",
            "u2d36008618a792eb6c80b59bc3b990c5",
            "uc39239e62c2d014153c507677594cb26",
            "uc39239e62c2d014153c507677594cb26",
            "uced232b40c0ad910be7693066891584e",
            "u506330c64d8133904c68811663c3cc62",
            "u75cb335a454aed1ed40ca5bc23ba008b",
            "u8e789a01e9a61f235b3794ce75de9acd"
        ],
        "cc8e9ead26feaf71ccc3da4f2b4439590": [
            "u7ece9d0e307426ecf57edca1ce05edcf",
            "u4cc79408eb19bdc338675d6f267f9225",
            "ua66148c40539a2a60f67a526cf45fc75",
            "u3df7a5cf4be1a6cb9ec28d277d841665",
            "uf1bec4f259aab534ff28a4fcbb64e61e"
        ],
        "cccefc8e1cde53ca0deff93d7df23d915": [
            "u46dba14744f7175de6cfc1cfe3f0826a",
            "ud84d64e06b860f12e4b270b03cb53080",
            "u927fda3ac7da897f53ebcbf2ec4e355c",
            "u0c78f470d9a3652e4ad4b9e13d2bc5f0",
            "u753c9636a62fddd32aff264c4bc2418a"
        ],
        "cd4362ff44a104aac3d79bfbbaac43bed": [
            "u7ece9d0e307426ecf57edca1ce05edcf",
            "u3df7a5cf4be1a6cb9ec28d277d841665",
            "ue30f597601dbead84804c31fa8f10175",
            "u09a7e4b7c9b160e5382a391805b20957"
        ],
        "cdd292c053006a8d8a6cb1d2752773576": [
            "u064e445fdcc40853e2a5fc72a446c82b",
            "u3004c9742d2f0eeed40719fd5ba23aa4",
            "u2c28ac4cb1d150505e14cb53536fc86e",
            "uaab9f1c41bd72d68c62f879067c8cb23",
            "u753c9636a62fddd32aff264c4bc2418a"
        ],
        "ce40cf920d6e0b3de9a9b023d77bfc111": [
            "ue5e01a51e41f83fc5454906e90bfe62b",
            "u3df7a5cf4be1a6cb9ec28d277d841665",
            "ucb6b561a9670575a272eabdd3b4119dd",
            "u8b033204d5c24fe951ba0f76dcfc5592",
            "u7ece9d0e307426ecf57edca1ce05edcf",
            "u63bc42f95cc29434432f1b9335efd2c9",
            "u7191e3629d8d48308e21f1adbd0c27e4",
            "u9c8e58d8795839c5cb0dde4812ad8aa0",
            "u6f9f61f544bf8f9b0c2c1435cc5e77c0",
            "ue4aafceee79cec2df0bceb8801779926",
            "u69f26161ebc7a511ade0eddb3a916f2d"
        ],
        "cf27e80dc652c82674861dad59dedb8c0": [
            "u3943056115ab1579886afcbe734b393a",
            "u34581b0be81d075a852f9ff9cff7fd7c",
            "ue30f597601dbead84804c31fa8f10175",
            "u8b033204d5c24fe951ba0f76dcfc5592",
            "u9ca249b334b0eb923e94e185758d30cc",
            "uad0db6ebbc666edc103758a852e55f89",
            "u483a897721b06ee716ca2d62c5875606",
            "ue2a4dcd68476d767a6436ad4fd05f0bb",
            "u46fec599fa20257952ae5967e087bdf3",
            "u3df7a5cf4be1a6cb9ec28d277d841665",
            "u09a7e4b7c9b160e5382a391805b20957",
            "u0072fe01f985340cae6263556df16105",
            "ud1125564edf366e02cd031f504e1f729",
            "u854dcc9790b85d8eec36b5ddab437c2c",
            "u1af143f22608d00c596c014ef0d92e2d",
            "u85796c708d554e986c01575aba1435aa",
            "u0804266835bda9221d4fef1559beab93",
            "u1075639ad19fce50a19fd4102fea448b",
            "uff9aee3f832681982316a415be31fb1f",
            "u44cdf546916d889904a895554fa11b63",
            "u6e1e159c037c2f4e3e6f0cbeb663571a",
            "ub0adf1dcfa3be45cc3db3a5421eef760",
            "u1ccad942471e419fc4f1b58fc7f71c48",
            "u3361b537e2531099799e6552c8366c5b",
            "u967082bc5c1a0c0ddc35f3d3ad2dfd1d",
            "u56f65ec1d9ca28e3f4bd327adc55dfa3",
            "u4c208fefebbdd690f2ad10e618339f9d",
            "u92d78b6acc45069bfddc7c8eeda81a0d",
            "u4e008341e21beb4d8c492dff051161e2",
            "ueb8a28e85906b1b2af4dd05f1266a2e1",
            "ubc3bbabd668c6e140f50475dac222fc5",
            "uffc1b27d9000150cfcc16649ba2e4719",
            "ua17ccd06d006aa630a9ddd6e25823302",
            "u8dc962bf4d266e599867087e421c11d8",
            "u36e02565fd884bb414a3c66212b9613c",
            "u86292c46d2274fd62b8e3822984fa3d9",
            "u55879b3889cc3a8b0d1224dd9e224ff3",
            "u6a22d22aa2ca49452a372f03f4e8e9d7",
            "u5ca5988f07f39237a0ab21a6639f3482",
            "u4137a92d4c0a04f8b4d6332feaf9b743",
            "u4fee5650e4374b327a87134fd5ff9d9b",
            "uae3314d1d8c8d2f820717294922b66f5",
            "ub09176d3e9a342ad185a760c481a7aa4",
            "u3b4780cf298ce04fe48e3418fc526da9",
            "uae1343fa6e48bae637ae93bf591ad7bf",
            "u6cac640f191924a547bc990fc48e9b15",
            "u7fd533166a57fb5783d2aa960e3040c3",
            "u8435bcb42f9d8d080b6897ef616fd96b",
            "uc9c2b3aa1ce1765b00def043d97b121a",
            "uc94a8f7840423c86e44b63d35533b9e8",
            "u660d99a501280312ea79d6239fd1a5bc",
            "uc1a2d70bf0056a086d2b0e39122f35c5",
            "u5f60c9d0551394468c744d0ec8b361bc",
            "u5dba922d6b369b5f44919b812ed20b02",
            "u54425edf4f2420387929e0d39512b1f0",
            "u495d509d8dfc455e933df58593572e10",
            "u0bbc3d3fa27033093e1775c788362e5c",
            "uba5bbdaec50f9676867811a63742ea6d",
            "ud6a7416bf4b9cd47ee9138136cdcbb6d",
            "u5f76e10bf9950df6f69914bad602be13",
            "ueae74a0de5ea886b5da7977617615b1d",
            "ue4e787bbed7b31534c41b8caca1eade2",
            "u7b57fc5656c3bb56ce32d2a902963fed",
            "uea3ab00440d735f4f4c665157522fa0d",
            "u42576f4e49b50252882865c03bae439b",
            "u234da813f9b277a366f93fc1ed67d210",
            "u7ece9d0e307426ecf57edca1ce05edcf",
            "ucb6b561a9670575a272eabdd3b4119dd",
            "u16005a01b143fdc5edbf2fc96bb876a9",
            "u63bc42f95cc29434432f1b9335efd2c9",
            "ub07af6fedb231a4ef39b20ad34a6caa2",
            "u67c4500f4e830a51955246c501867078",
            "u2b41f35897ebbad84df7be4124896393",
            "uc87bdd1144b7f126b2217adb8337f28f",
            "u259de2dabd849bc3160f0ae8925fd771",
            "u3a392639d753ca296f6e7356fa2cb77b",
            "ue91e6f923b6ac0acb1cb387cc395ee3c",
            "ube0fd2abd3ce5a76e50c442f6af07380",
            "u1c45873f3cf39ebe81e473fb6acbdc84",
            "ub3fc528cb6088e62a283aff588df9a6e"
        ]
    },
    "keyCommand": "khie ",
    "leaveMessage": false,
    "leavePesan": "Halo @!, kenapa leave dari grup {gname}??",
    "mayhem": false,
    "mentionPesan": "Asw lo @!, Ngapain tag\" gw 􀜅􀄃hmm􏿿",
    "messageSticker": {
        "addName": null,
        "addStatus": false,
        "listSticker": {
            "addSticker": {
                "STKID": "2384546",
                "STKPKGID": "1057495",
                "STKVER": "14",
                "status": true
            },
            "leaveSticker": null,
            "mentionSticker": {
                "STKID": "11979804",
                "STKPKGID": "1295985",
                "STKVER": "1"
            },
            "readerSticker": null,
            "replySticker": null,
            "welcomeSticker": null
        }
    },
    "mimic": {
        "copy": false,
        "status": true,
        "target": {
            "ucadf3961de36e260f03980273d381414": true
        }
    },
    "myProfile": {
        "coverId": "ucadf3961de36e260f03980273d381414",
        "coverStatus": "",
        "displayName": "ZULKIFLI MOKOAGOW",
        "pictureStatus": "0hBSPVwmPMHXxtLzcSU3NiK1FqExEaARs0FUpVHR8uFkxDH1p9WUhWSUt9E05JGFspVBxaT017Q0tE",
        "statusMessage": "NAMA CREATOR ZULKIFLI MOKOAGOW \nTEAM TERMUX \n ID LINE : Linux.1 && Zul.1.1 & Zul.1",
        "videoProfile": "{\"category\":\"vp.mp4\",\"extension\":\"jpeg\",\"animated\":false,\"width\":1080,\"height\":1080,\"fileSize\":272586,\"tids\":{\"mp4\":\"vp.small\",\"sjpg\":\"vp.sjpg\"}}"
    },
    "notag": false,
    "protectGroupImage": false,
    "protectGroupName": false,
    "protectGroupQr": false,
    "publicMode": false,
    "qrprotect": false,
    "readerPesan": "Gw @!, Kang Sider",
    "replyPesan": "What's wrong\nI'm busy right now",
    "resendChat": false,
    "responGc": false,
    "restartBot": null,
    "restartPoint": null,
    "sapuspam": true,
    "server": "VPS",
    "setKey": false,
    "timeRestart": 43200,
    "ttt": "line://app/1602687308-GXq4Vvk9?type=text&text=",
    "unsendMessage": false,
    "userAgent": [
        "Mozilla/5.0 (X11; U; Linux i586; de; rv:5.0) Gecko/20100101 Firefox/5.0",
        "Mozilla/5.0 (X11; U; Linux amd64; rv:5.0) Gecko/20100101 Firefox/5.0 (Debian)",
        "Mozilla/5.0 (X11; U; Linux amd64; en-US; rv:5.0) Gecko/20110619 Firefox/5.0",
        "Mozilla/5.0 (X11; Linux) Gecko Firefox/5.0",
        "Mozilla/5.0 (X11; Linux x86_64; rv:5.0) Gecko/20100101 Firefox/5.0 FirePHP/0.5",
        "Mozilla/5.0 (X11; Linux x86_64; rv:5.0) Gecko/20100101 Firefox/5.0 Firefox/5.0",
        "Mozilla/5.0 (X11; Linux x86_64) Gecko Firefox/5.0",
        "Mozilla/5.0 (X11; Linux ppc; rv:5.0) Gecko/20100101 Firefox/5.0",
        "Mozilla/5.0 (X11; Linux AMD64) Gecko Firefox/5.0",
        "Mozilla/5.0 (X11; FreeBSD amd64; rv:5.0) Gecko/20100101 Firefox/5.0",
        "Mozilla/5.0 (Windows NT 6.2; WOW64; rv:5.0) Gecko/20100101 Firefox/5.0",
        "Mozilla/5.0 (Windows NT 6.1; Win64; x64; rv:5.0) Gecko/20110619 Firefox/5.0",
        "Mozilla/5.0 (Windows NT 6.1; Win64; x64; rv:5.0) Gecko/20100101 Firefox/5.0",
        "Mozilla/5.0 (Windows NT 6.1; rv:6.0) Gecko/20100101 Firefox/5.0",
        "Mozilla/5.0 (Windows NT 6.1.1; rv:5.0) Gecko/20100101 Firefox/5.0",
        "Mozilla/5.0 (Windows NT 5.2; WOW64; rv:5.0) Gecko/20100101 Firefox/5.0",
        "Mozilla/5.0 (Windows NT 5.1; U; rv:5.0) Gecko/20100101 Firefox/5.0",
        "Mozilla/5.0 (Windows NT 5.1; rv:2.0.1) Gecko/20100101 Firefox/5.0",
        "Mozilla/5.0 (Windows NT 5.0; WOW64; rv:5.0) Gecko/20100101 Firefox/5.0",
        "Mozilla/5.0 (Windows NT 5.0; rv:5.0) Gecko/20100101 Firefox/5.0"
    ],
    "userMentioned": {},
    "waktu": 10,
    "welcomeMessage": false,
    "welcomePesan": "Selamat datang di grup {gname} @! Semoga betah yah TEAM_TERMUX"
}